Readiness Item,Status,Notes
UI consistency reviewed,Completed,No blocking issue found
Functional validation reviewed,Completed,Required and invalid input validations verified
Browser compatibility checked,Completed,"Chrome, Edge, Firefox reviewed"
Mobile responsiveness checked,Completed,Minor improvements recommended
Error handling reviewed,Completed,Message clarity improvement recommended
Basic performance reviewed,Completed,No major slow loading observed
Broken assets checked,Completed,No broken assets observed
Quality risks documented,Completed,"Risks listed with severity, priority, and mitigation"
Final release recommendation prepared,Completed,Ready with Minor Fixes
